Year,state,date,daily_kwh,state_sqr_mile,TotalStations
2023,AK,2023-01-01,2894.3999999999996,665384.0,64.0
2023,AL,2023-01-01,5595614.4,52420.0,422.0
2023,AR,2023-01-01,6929162.4,53179.0,329.0
2023,AZ,2023-01-01,192753.6,113990.0,1183.0
2023,CA,2023-01-01,1106858.4000000001,163695.0,15934.0
2023,CO,2023-01-01,1335477.6,104094.0,2107.0
2023,CT,2023-01-01,18866.399999999998,5543.0,849.0
2023,DC,2023-01-01,335491.2,,
2023,DE,2023-01-01,22116.0,2489.0,191.0
2023,FL,2023-01-01,5395320.0,65758.0,3332.0
2023,GA,2023-01-01,7643976.0,59425.0,1886.0
2023,HI,2023-01-01,62668.799999999996,10932.0,364.0
2023,IA,2023-01-01,6424416.0,56273.0,361.0
2023,ID,2023-01-01,3372396.0,83569.0,207.0
2023,IL,2023-01-01,8556561.6,57914.0,1242.0
2023,IN,2023-01-01,7400054.4,36420.0,566.0
2023,KS,2023-01-01,5276834.4,82278.0,548.0
2023,KY,2023-01-01,7427532.0,40408.0,312.0
2023,LA,2023-01-01,4270272.0,52378.0,262.0
2023,MA,2023-01-01,2508278.4,10554.0,2976.0
2023,MD,2023-01-01,720696.0,12406.0,1655.0
2023,ME,2023-01-01,2666088.0,35380.0,478.0
2023,MI,2023-01-01,690583.2000000001,96714.0,1446.0
2023,MN,2023-01-01,667524.0,86936.0,777.0
2023,MO,2023-01-01,6617241.600000001,69707.0,1210.0
2023,MS,2023-01-01,5982993.600000001,48432.0,165.0
2023,MT,2023-01-01,1587902.4000000001,147040.0,122.0
2023,NC,2023-01-01,4911580.8,53819.0,1531.0
2023,ND,2023-01-01,1291228.8,70698.0,94.0
2023,NE,2023-01-01,4142923.2,77348.0,254.0
2023,NH,2023-01-01,23644.8,9351.0,252.0
2023,NJ,2023-01-01,454188.0,8723.0,1263.0
2023,NM,2023-01-01,254001.59999999998,121590.0,291.0
2023,NV,2023-01-01,43164.0,110572.0,571.0
2023,NY,2023-01-01,5844211.2,54555.0,3901.0
2023,OH,2023-01-01,8072877.600000001,44825.0,1575.0
2023,OK,2023-01-01,828933.6,69899.0,349.0
2023,OR,2023-01-01,2440814.4,98379.0,1203.0
2023,PA,2023-01-01,5921299.2,46054.0,1684.0
2023,RI,2023-01-01,42609.6,1545.0,316.0
2023,SC,2023-01-01,2329795.2,32020.0,546.0
2023,SD,2023-01-01,243854.40000000002,77116.0,92.0
2023,TN,2023-01-01,6555928.8,42144.0,901.0
2023,TX,2023-01-01,7079428.8,268596.0,3090.0
2023,UT,2023-01-01,426825.60000000003,84897.0,849.0
2023,VA,2023-01-01,4227204.0,42775.0,1506.0
2023,VT,2023-01-01,2620387.2,9616.0,379.0
2023,WA,2023-01-01,3421651.2,71298.0,2117.0
2023,WI,2023-01-01,2160458.4,65498.0,586.0
2023,WV,2023-01-01,2869948.8000000003,24230.0,153.0
2023,WY,2023-01-01,97156.8,97813.0,93.0
2024,AK,2024-01-01,35882.4,665384.0,64.0
2024,AL,2024-01-01,37364904.0,52420.0,422.0
2024,AR,2024-01-01,43988930.4,53179.0,329.0
2024,AZ,2024-01-01,1254763.2,113990.0,1183.0
2024,CA,2024-01-01,6777612.0,163695.0,15934.0
2024,CO,2024-01-01,13333761.6,104094.0,2107.0
2024,CT,2024-01-01,53160.0,5543.0,849.0
2024,DC,2024-01-01,1485328.8,,
2024,DE,2024-01-01,254496.0,2489.0,191.0
2024,FL,2024-01-01,32415919.2,65758.0,3332.0
2024,GA,2024-01-01,46785235.2,59425.0,1886.0
2024,HI,2024-01-01,303415.2,10932.0,364.0
2024,IA,2024-01-01,42258129.6,56273.0,361.0
2024,ID,2024-01-01,20786606.4,83569.0,207.0
2024,IL,2024-01-01,51120424.8,57914.0,1242.0
2024,IN,2024-01-01,48191222.4,36420.0,566.0
2024,KS,2024-01-01,35991321.6,82278.0,548.0
2024,KY,2024-01-01,47242495.2,40408.0,312.0
2024,LA,2024-01-01,23909613.6,52378.0,262.0
2024,MA,2024-01-01,9266436.0,10554.0,2976.0
2024,MD,2024-01-01,9492091.200000001,12406.0,1655.0
2024,ME,2024-01-01,10605249.6,35380.0,478.0
2024,MI,2024-01-01,5136794.4,96714.0,1446.0
2024,MN,2024-01-01,4952596.8,86936.0,777.0
2024,MO,2024-01-01,45047683.2,69707.0,1210.0
2024,MS,2024-01-01,39787485.6,48432.0,165.0
2024,MT,2024-01-01,13052347.2,147040.0,122.0
2024,NC,2024-01-01,29639352.0,53819.0,1531.0
2024,ND,2024-01-01,5026152.0,70698.0,94.0
2024,NE,2024-01-01,24511761.6,77348.0,254.0
2024,NH,2024-01-01,109560.0,9351.0,252.0
2024,NJ,2024-01-01,2598326.4,8723.0,1263.0
2024,NM,2024-01-01,1400892.0,121590.0,291.0
2024,NV,2024-01-01,1374784.7999999998,110572.0,571.0
2024,NY,2024-01-01,37632050.4,54555.0,3901.0
2024,OH,2024-01-01,48125337.6,44825.0,1575.0
2024,OK,2024-01-01,10766683.200000001,69899.0,349.0
2024,OR,2024-01-01,19127030.4,98379.0,1203.0
2024,PA,2024-01-01,36042796.800000004,46054.0,1684.0
2024,RI,2024-01-01,764340.0,1545.0,316.0
2024,SC,2024-01-01,9876002.4,32020.0,546.0
2024,SD,2024-01-01,3542556.0,77116.0,92.0
2024,TN,2024-01-01,42709824.0,42144.0,901.0
2024,TX,2024-01-01,44893636.8,268596.0,3090.0
2024,UT,2024-01-01,3126252.0,84897.0,849.0
2024,VA,2024-01-01,25865599.2,42775.0,1506.0
2024,VT,2024-01-01,11330913.6,9616.0,379.0
2024,WA,2024-01-01,20163372.0,71298.0,2117.0
2024,WI,2024-01-01,17252961.6,65498.0,586.0
2024,WV,2024-01-01,21162890.4,24230.0,153.0
2024,WY,2024-01-01,896047.2,97813.0,93.0
2025,AK,2025-01-01,101959.2,665384.0,64.0
2025,AL,2025-01-01,110099008.8,52420.0,422.0
2025,AR,2025-01-01,133256976.0,53179.0,329.0
2025,AZ,2025-01-01,3294213.6,113990.0,1183.0
2025,CA,2025-01-01,18474146.4,163695.0,15934.0
2025,CO,2025-01-01,38357863.2,104094.0,2107.0
2025,CT,2025-01-01,245570.40000000002,5543.0,849.0
2025,DC,2025-01-01,3413733.6,,
2025,DE,2025-01-01,614193.6,2489.0,191.0
2025,FL,2025-01-01,92679871.2,65758.0,3332.0
2025,GA,2025-01-01,136168576.8,59425.0,1886.0
2025,HI,2025-01-01,687741.6,10932.0,364.0
2025,IA,2025-01-01,123826238.39999999,56273.0,361.0
2025,ID,2025-01-01,61865688.0,83569.0,207.0
2025,IL,2025-01-01,153459381.6,57914.0,1242.0
2025,IN,2025-01-01,144767553.6,36420.0,566.0
2025,KS,2025-01-01,106809523.2,82278.0,548.0
2025,KY,2025-01-01,140517456.0,40408.0,312.0
2025,LA,2025-01-01,69235968.0,52378.0,262.0
2025,MA,2025-01-01,25005475.2,10554.0,2976.0
2025,MD,2025-01-01,31788916.8,12406.0,1655.0
2025,ME,2025-01-01,31362453.6,35380.0,478.0
2025,MI,2025-01-01,15431287.2,96714.0,1446.0
2025,MN,2025-01-01,18921379.2,86936.0,777.0
2025,MO,2025-01-01,133309236.0,69707.0,1210.0
2025,MS,2025-01-01,115775851.2,48432.0,165.0
2025,MT,2025-01-01,37634582.4,147040.0,122.0
2025,NC,2025-01-01,89275761.6,53819.0,1531.0
2025,ND,2025-01-01,14719725.600000001,70698.0,94.0
2025,NE,2025-01-01,68906760.0,77348.0,254.0
2025,NH,2025-01-01,412142.39999999997,9351.0,252.0
2025,NJ,2025-01-01,6806011.2,8723.0,1263.0
2025,NM,2025-01-01,5392351.2,121590.0,291.0
2025,NV,2025-01-01,8163163.2,110572.0,571.0
2025,NY,2025-01-01,110456469.6,54555.0,3901.0
2025,OH,2025-01-01,144652670.4,44825.0,1575.0
2025,OK,2025-01-01,31343738.4,69899.0,349.0
2025,OR,2025-01-01,55622061.6,98379.0,1203.0
2025,PA,2025-01-01,104699349.6,46054.0,1684.0
2025,RI,2025-01-01,4291377.600000001,1545.0,316.0
2025,SC,2025-01-01,28855843.2,32020.0,546.0
2025,SD,2025-01-01,15473779.2,77116.0,92.0
2025,TN,2025-01-01,125955470.39999999,42144.0,901.0
2025,TX,2025-01-01,130911717.6,268596.0,3090.0
2025,UT,2025-01-01,9996376.8,84897.0,849.0
2025,VA,2025-01-01,78343171.2,42775.0,1506.0
2025,VT,2025-01-01,32818202.4,9616.0,379.0
2025,WA,2025-01-01,58349587.2,71298.0,2117.0
2025,WI,2025-01-01,56088744.0,65498.0,586.0
2025,WV,2025-01-01,57462912.0,24230.0,153.0
2025,WY,2025-01-01,2568600.0,97813.0,93.0
2026,AK,2026-01-01,243487.2,665384.0,64.0
2026,AL,2026-01-01,270255302.4,52420.0,422.0
2026,AR,2026-01-01,324630501.6,53179.0,329.0
2026,AZ,2026-01-01,6801321.6,113990.0,1183.0
2026,CA,2026-01-01,36273612.0,163695.0,15934.0
2026,CO,2026-01-01,105721377.60000001,104094.0,2107.0
2026,CT,2026-01-01,659464.8,5543.0,849.0
2026,DC,2026-01-01,6078900.0,,
2026,DE,2026-01-01,1679304.0,2489.0,191.0
2026,FL,2026-01-01,224621748.0,65758.0,3332.0
2026,GA,2026-01-01,330275928.0,59425.0,1886.0
2026,HI,2026-01-01,1577481.6,10932.0,364.0
2026,IA,2026-01-01,305090049.6,56273.0,361.0
2026,ID,2026-01-01,161594740.8,83569.0,207.0
2026,IL,2026-01-01,372670461.6,57914.0,1242.0
2026,IN,2026-01-01,352184808.0,36420.0,566.0
2026,KS,2026-01-01,265711788.0,82278.0,548.0
2026,KY,2026-01-01,341693116.8,40408.0,312.0
2026,LA,2026-01-01,182815550.4,52378.0,262.0
2026,MA,2026-01-01,66662431.2,10554.0,2976.0
2026,MD,2026-01-01,78695942.4,12406.0,1655.0
2026,ME,2026-01-01,83361134.4,35380.0,478.0
2026,MI,2026-01-01,41210654.4,96714.0,1446.0
2026,MN,2026-01-01,53914017.6,86936.0,777.0
2026,MO,2026-01-01,324525036.0,69707.0,1210.0
2026,MS,2026-01-01,289357706.4,48432.0,165.0
2026,MT,2026-01-01,95025993.60000001,147040.0,122.0
2026,NC,2026-01-01,220429022.4,53819.0,1531.0
2026,ND,2026-01-01,34283246.4,70698.0,94.0
2026,NE,2026-01-01,178310344.8,77348.0,254.0
2026,NH,2026-01-01,1057226.4,9351.0,252.0
2026,NJ,2026-01-01,16404223.2,8723.0,1263.0
2026,NM,2026-01-01,14519692.8,121590.0,291.0
2026,NV,2026-01-01,20569125.599999998,110572.0,571.0
2026,NY,2026-01-01,270988478.4,54555.0,3901.0
2026,OH,2026-01-01,350858172.0,44825.0,1575.0
2026,OK,2026-01-01,87393840.0,69899.0,349.0
2026,OR,2026-01-01,139464600.0,98379.0,1203.0
2026,PA,2026-01-01,261565137.6,46054.0,1684.0
2026,RI,2026-01-01,12478776.0,1545.0,316.0
2026,SC,2026-01-01,60454322.4,32020.0,546.0
2026,SD,2026-01-01,44854504.8,77116.0,92.0
2026,TN,2026-01-01,310527482.4,42144.0,901.0
2026,TX,2026-01-01,310949512.8,268596.0,3090.0
2026,UT,2026-01-01,25357994.400000002,84897.0,849.0
2026,VA,2026-01-01,192055864.8,42775.0,1506.0
2026,VT,2026-01-01,82823930.4,9616.0,379.0
2026,WA,2026-01-01,153667341.6,71298.0,2117.0
2026,WI,2026-01-01,144812145.6,65498.0,586.0
2026,WV,2026-01-01,137136321.6,24230.0,153.0
2026,WY,2026-01-01,6567225.600000001,97813.0,93.0
2027,AK,2027-01-01,575952.0,665384.0,64.0
2027,AL,2027-01-01,586211294.4,52420.0,422.0
2027,AR,2027-01-01,690814005.6,53179.0,329.0
2027,AZ,2027-01-01,13169541.6,113990.0,1183.0
2027,CA,2027-01-01,73418940.0,163695.0,15934.0
2027,CO,2027-01-01,248996001.6,104094.0,2107.0
2027,CT,2027-01-01,1138766.4000000001,5543.0,849.0
2027,DC,2027-01-01,9827438.4,,
2027,DE,2027-01-01,2849995.2,2489.0,191.0
2027,FL,2027-01-01,500483282.4,65758.0,3332.0
2027,GA,2027-01-01,708988377.6,59425.0,1886.0
2027,HI,2027-01-01,2696179.2,10932.0,364.0
2027,IA,2027-01-01,658406056.8,56273.0,361.0
2027,ID,2027-01-01,365462666.4,83569.0,207.0
2027,IL,2027-01-01,799292587.2,57914.0,1242.0
2027,IN,2027-01-01,747236229.6,36420.0,566.0
2027,KS,2027-01-01,582734210.4,82278.0,548.0
2027,KY,2027-01-01,736577227.2,40408.0,312.0
2027,LA,2027-01-01,402430792.8,52378.0,262.0
2027,MA,2027-01-01,141353032.8,10554.0,2976.0
2027,MD,2027-01-01,170701264.8,12406.0,1655.0
2027,ME,2027-01-01,189604704.0,35380.0,478.0
2027,MI,2027-01-01,91263777.60000001,96714.0,1446.0
2027,MN,2027-01-01,135844370.4,86936.0,777.0
2027,MO,2027-01-01,717915703.2,69707.0,1210.0
2027,MS,2027-01-01,624990890.4,48432.0,165.0
2027,MT,2027-01-01,206099731.2,147040.0,122.0
2027,NC,2027-01-01,478822089.6,53819.0,1531.0
2027,ND,2027-01-01,73025013.6,70698.0,94.0
2027,NE,2027-01-01,407915366.4,77348.0,254.0
2027,NH,2027-01-01,2228906.4,9351.0,252.0
2027,NJ,2027-01-01,44301007.2,8723.0,1263.0
2027,NM,2027-01-01,25821276.0,121590.0,291.0
2027,NV,2027-01-01,48150254.4,110572.0,571.0
2027,NY,2027-01-01,577626727.2,54555.0,3901.0
2027,OH,2027-01-01,751523472.0,44825.0,1575.0
2027,OK,2027-01-01,206117577.6,69899.0,349.0
2027,OR,2027-01-01,318948758.4,98379.0,1203.0
2027,PA,2027-01-01,566288690.4,46054.0,1684.0
2027,RI,2027-01-01,36154680.0,1545.0,316.0
2027,SC,2027-01-01,112160536.8,32020.0,546.0
2027,SD,2027-01-01,103521487.2,77116.0,92.0
2027,TN,2027-01-01,676235030.4,42144.0,901.0
2027,TX,2027-01-01,666066748.8,268596.0,3090.0
2027,UT,2027-01-01,63310728.0,84897.0,849.0
2027,VA,2027-01-01,409432375.2,42775.0,1506.0
2027,VT,2027-01-01,187559505.6,9616.0,379.0
2027,WA,2027-01-01,335724172.8,71298.0,2117.0
2027,WI,2027-01-01,325429797.6,65498.0,586.0
2027,WV,2027-01-01,306667874.4,24230.0,153.0
2027,WY,2027-01-01,13918144.799999999,97813.0,93.0
2028,AK,2028-01-01,888840.0,665384.0,64.0
2028,AL,2028-01-01,1011558319.1999999,52420.0,422.0
2028,AR,2028-01-01,1170902404.8,53179.0,329.0
2028,AZ,2028-01-01,19568119.2,113990.0,1183.0
2028,CA,2028-01-01,111107052.0,163695.0,15934.0
2028,CO,2028-01-01,456225818.4,104094.0,2107.0
2028,CT,2028-01-01,1866782.4000000001,5543.0,849.0
2028,DC,2028-01-01,14145921.6,,
2028,DE,2028-01-01,4276891.2,2489.0,191.0
2028,FL,2028-01-01,857466057.6,65758.0,3332.0
2028,GA,2028-01-01,1199666268.0,59425.0,1886.0
2028,HI,2028-01-01,3905704.8,10932.0,364.0
2028,IA,2028-01-01,1124512072.8,56273.0,361.0
2028,ID,2028-01-01,645068836.8,83569.0,207.0
2028,IL,2028-01-01,1333608463.2,57914.0,1242.0
2028,IN,2028-01-01,1257807112.8,36420.0,566.0
2028,KS,2028-01-01,1003041777.6,82278.0,548.0
2028,KY,2028-01-01,1241116524.0,40408.0,312.0
2028,LA,2028-01-01,700098928.8,52378.0,262.0
2028,MA,2028-01-01,230026207.2,10554.0,2976.0
2028,MD,2028-01-01,286127764.8,12406.0,1655.0
2028,ME,2028-01-01,312109485.6,35380.0,478.0
2028,MI,2028-01-01,140780601.6,96714.0,1446.0
2028,MN,2028-01-01,219873967.2,86936.0,777.0
2028,MO,2028-01-01,1212879609.6,69707.0,1210.0
2028,MS,2028-01-01,1071222367.2,48432.0,165.0
2028,MT,2028-01-01,378471400.8,147040.0,122.0
2028,NC,2028-01-01,772483188.0,53819.0,1531.0
2028,ND,2028-01-01,107782636.8,70698.0,94.0
2028,NE,2028-01-01,709569328.8,77348.0,254.0
2028,NH,2028-01-01,4115320.8,9351.0,252.0
2028,NJ,2028-01-01,69353899.2,8723.0,1263.0
2028,NM,2028-01-01,40865356.8,121590.0,291.0
2028,NV,2028-01-01,74265746.4,110572.0,571.0
2028,NY,2028-01-01,987690981.6,54555.0,3901.0
2028,OH,2028-01-01,1258241700.0,44825.0,1575.0
2028,OK,2028-01-01,390520447.2,69899.0,349.0
2028,OR,2028-01-01,569065752.0,98379.0,1203.0
2028,PA,2028-01-01,970136042.4,46054.0,1684.0
2028,RI,2028-01-01,62229071.99999999,1545.0,316.0
2028,SC,2028-01-01,174520303.2,32020.0,546.0
2028,SD,2028-01-01,161777133.6,77116.0,92.0
2028,TN,2028-01-01,1149953294.4,42144.0,901.0
2028,TX,2028-01-01,1130769676.8,268596.0,3090.0
2028,UT,2028-01-01,103288106.39999999,84897.0,849.0
2028,VA,2028-01-01,666562548.0,42775.0,1506.0
2028,VT,2028-01-01,306980916.0,9616.0,379.0
2028,WA,2028-01-01,593999748.0,71298.0,2117.0
2028,WI,2028-01-01,566371970.4,65498.0,586.0
2028,WV,2028-01-01,544026672.0,24230.0,153.0
2028,WY,2028-01-01,22308679.2,97813.0,93.0
2029,AK,2029-01-01,1349037.5999999999,665384.0,64.0
2029,AL,2029-01-01,1457450601.6,52420.0,422.0
2029,AR,2029-01-01,1682727232.8,53179.0,329.0
2029,AZ,2029-01-01,27071330.4,113990.0,1183.0
2029,CA,2029-01-01,154364769.6,163695.0,15934.0
2029,CO,2029-01-01,673849833.6,104094.0,2107.0
2029,CT,2029-01-01,3182750.4,5543.0,849.0
2029,DC,2029-01-01,19053542.4,,
2029,DE,2029-01-01,6505334.4,2489.0,191.0
2029,FL,2029-01-01,1255945826.4,65758.0,3332.0
2029,GA,2029-01-01,1727041468.8,59425.0,1886.0
2029,HI,2029-01-01,6237794.4,10932.0,364.0
2029,IA,2029-01-01,1624122441.6,56273.0,361.0
2029,ID,2029-01-01,949134837.6,83569.0,207.0
2029,IL,2029-01-01,1913250463.2,57914.0,1242.0
2029,IN,2029-01-01,1806409992.0,36420.0,566.0
2029,KS,2029-01-01,1451909932.8,82278.0,548.0
2029,KY,2029-01-01,1783500312.0,40408.0,312.0
2029,LA,2029-01-01,1031715004.8000001,52378.0,262.0
2029,MA,2029-01-01,341710346.4,10554.0,2976.0
2029,MD,2029-01-01,393587320.8,12406.0,1655.0
2029,ME,2029-01-01,470344360.8,35380.0,478.0
2029,MI,2029-01-01,208176187.2,96714.0,1446.0
2029,MN,2029-01-01,327974006.4,86936.0,777.0
2029,MO,2029-01-01,1750582528.8,69707.0,1210.0
2029,MS,2029-01-01,1550738368.8,48432.0,165.0
2029,MT,2029-01-01,545681913.6,147040.0,122.0
2029,NC,2029-01-01,1109988849.6,53819.0,1531.0
2029,ND,2029-01-01,151522461.6,70698.0,94.0
2029,NE,2029-01-01,1051937618.4,77348.0,254.0
2029,NH,2029-01-01,6191846.399999999,9351.0,252.0
2029,NJ,2029-01-01,93414285.6,8723.0,1263.0
2029,NM,2029-01-01,58598416.8,121590.0,291.0
2029,NV,2029-01-01,110788886.39999999,110572.0,571.0
2029,NY,2029-01-01,1409945563.2,54555.0,3901.0
2029,OH,2029-01-01,1800821613.6,44825.0,1575.0
2029,OK,2029-01-01,579075746.4,69899.0,349.0
2029,OR,2029-01-01,836406396.0,98379.0,1203.0
2029,PA,2029-01-01,1383142065.6,46054.0,1684.0
2029,RI,2029-01-01,97540372.8,1545.0,316.0
2029,SC,2029-01-01,256493460.0,32020.0,546.0
2029,SD,2029-01-01,237320700.0,77116.0,92.0
2029,TN,2029-01-01,1657827352.8,42144.0,901.0
2029,TX,2029-01-01,1627741989.6,268596.0,3090.0
2029,UT,2029-01-01,161675781.6,84897.0,849.0
2029,VA,2029-01-01,946638108.0,42775.0,1506.0
2029,VT,2029-01-01,461089519.2,9616.0,379.0
2029,WA,2029-01-01,874157913.6,71298.0,2117.0
2029,WI,2029-01-01,832064270.4,65498.0,586.0
2029,WV,2029-01-01,796874200.8000001,24230.0,153.0
2029,WY,2029-01-01,33670473.6,97813.0,93.0
2030,AK,2030-01-01,1725609.6,665384.0,64.0
2030,AL,2030-01-01,2002662904.8,52420.0,422.0
2030,AR,2030-01-01,2326523796.0,53179.0,329.0
2030,AZ,2030-01-01,35701396.800000004,113990.0,1183.0
2030,CA,2030-01-01,203205768.0,163695.0,15934.0
2030,CO,2030-01-01,988726749.6,104094.0,2107.0
2030,CT,2030-01-01,4589983.2,5543.0,849.0
2030,DC,2030-01-01,24564117.599999998,,
2030,DE,2030-01-01,9264914.4,2489.0,191.0
2030,FL,2030-01-01,1746622600.8,65758.0,3332.0
2030,GA,2030-01-01,2376134268.0,59425.0,1886.0
2030,HI,2030-01-01,8345812.8,10932.0,364.0
2030,IA,2030-01-01,2235510991.2,56273.0,361.0
2030,ID,2030-01-01,1336580733.6,83569.0,207.0
2030,IL,2030-01-01,2626010750.4,57914.0,1242.0
2030,IN,2030-01-01,2487016312.8,36420.0,566.0
2030,KS,2030-01-01,1997955444.0,82278.0,548.0
2030,KY,2030-01-01,2460253747.2,40408.0,312.0
2030,LA,2030-01-01,1445025957.6,52378.0,262.0
2030,MA,2030-01-01,433862455.2,10554.0,2976.0
2030,MD,2030-01-01,529898692.8,12406.0,1655.0
2030,ME,2030-01-01,619908422.4,35380.0,478.0
2030,MI,2030-01-01,293197327.2,96714.0,1446.0
2030,MN,2030-01-01,469347165.6,86936.0,777.0
2030,MO,2030-01-01,2422032679.2,69707.0,1210.0
2030,MS,2030-01-01,2135204817.6,48432.0,165.0
2030,MT,2030-01-01,792124591.1999999,147040.0,122.0
2030,NC,2030-01-01,1482201004.8,53819.0,1531.0
2030,ND,2030-01-01,203531260.8,70698.0,94.0
2030,NE,2030-01-01,1474322160.0,77348.0,254.0
2030,NH,2030-01-01,8332149.600000001,9351.0,252.0
2030,NJ,2030-01-01,127739743.2,8723.0,1263.0
2030,NM,2030-01-01,82747600.8,121590.0,291.0
2030,NV,2030-01-01,161358796.79999998,110572.0,571.0
2030,NY,2030-01-01,1935665606.4,54555.0,3901.0
2030,OH,2030-01-01,2477036632.8,44825.0,1575.0
2030,OK,2030-01-01,863081217.6,69899.0,349.0
2030,OR,2030-01-01,1205535547.2,98379.0,1203.0
2030,PA,2030-01-01,1900001956.8,46054.0,1684.0
2030,RI,2030-01-01,146746012.8,1545.0,316.0
2030,SC,2030-01-01,336920683.2,32020.0,546.0
2030,SD,2030-01-01,341898847.2,77116.0,92.0
2030,TN,2030-01-01,2278836050.4,42144.0,901.0
2030,TX,2030-01-01,2230270281.6,268596.0,3090.0
2030,UT,2030-01-01,236291517.60000002,84897.0,849.0
2030,VA,2030-01-01,1249164024.0,42775.0,1506.0
2030,VT,2030-01-01,606506152.8,9616.0,379.0
2030,WA,2030-01-01,1216819495.2,71298.0,2117.0
2030,WI,2030-01-01,1212711916.8,65498.0,586.0
2030,WV,2030-01-01,1143283192.8,24230.0,153.0
2030,WY,2030-01-01,48864088.8,97813.0,93.0
2032,AK,2032-01-01,2523914.4,665384.0,64.0
2032,AL,2032-01-01,3357846441.6,52420.0,422.0
2032,AR,2032-01-01,3905550892.8,53179.0,329.0
2032,AZ,2032-01-01,57905800.8,113990.0,1183.0
2032,CA,2032-01-01,340174351.2,163695.0,15934.0
2032,CO,2032-01-01,1719699945.6,104094.0,2107.0
2032,CT,2032-01-01,7306533.6,5543.0,849.0
2032,DC,2032-01-01,37464542.400000006,,
2032,DE,2032-01-01,16323184.8,2489.0,191.0
2032,FL,2032-01-01,2947399152.0,65758.0,3332.0
2032,GA,2032-01-01,3982444555.2000003,59425.0,1886.0
2032,HI,2032-01-01,13707251.999999998,10932.0,364.0
2032,IA,2032-01-01,3765929736.0,56273.0,361.0
2032,ID,2032-01-01,2235085312.8,83569.0,207.0
2032,IL,2032-01-01,4394747937.6,57914.0,1242.0
2032,IN,2032-01-01,4168858632.0,36420.0,566.0
2032,KS,2032-01-01,3360646512.0,82278.0,548.0
2032,KY,2032-01-01,4135869201.6,40408.0,312.0
2032,LA,2032-01-01,2402144148.0,52378.0,262.0
2032,MA,2032-01-01,680451902.4,10554.0,2976.0
2032,MD,2032-01-01,883792437.6,12406.0,1655.0
2032,ME,2032-01-01,1007306354.4,35380.0,478.0
2032,MI,2032-01-01,496458012.0,96714.0,1446.0
2032,MN,2032-01-01,806164516.8,86936.0,777.0
2032,MO,2032-01-01,4093212535.2000003,69707.0,1210.0
2032,MS,2032-01-01,3590559048.0,48432.0,165.0
2032,MT,2032-01-01,1358382117.6,147040.0,122.0
2032,NC,2032-01-01,2457132717.6,53819.0,1531.0
2032,ND,2032-01-01,326248449.6,70698.0,94.0
2032,NE,2032-01-01,2483297390.4,77348.0,254.0
2032,NH,2032-01-01,13576039.2,9351.0,252.0
2032,NJ,2032-01-01,239757984.0,8723.0,1263.0
2032,NM,2032-01-01,139953391.20000002,121590.0,291.0
2032,NV,2032-01-01,274581472.8,110572.0,571.0
2032,NY,2032-01-01,3218739537.6,54555.0,3901.0
2032,OH,2032-01-01,4115895595.2,44825.0,1575.0
2032,OK,2032-01-01,1509088540.8,69899.0,349.0
2032,OR,2032-01-01,2090201512.8,98379.0,1203.0
2032,PA,2032-01-01,3190416196.8,46054.0,1684.0
2032,RI,2032-01-01,241946529.6,1545.0,316.0
2032,SC,2032-01-01,540622461.6,32020.0,546.0
2032,SD,2032-01-01,581681676.0,77116.0,92.0
2032,TN,2032-01-01,3851840162.4,42144.0,901.0
2032,TX,2032-01-01,3745757524.8,268596.0,3090.0
2032,UT,2032-01-01,387368570.4,84897.0,849.0
2032,VA,2032-01-01,2057339529.6,42775.0,1506.0
2032,VT,2032-01-01,975129772.8,9616.0,379.0
2032,WA,2032-01-01,2052886298.4,71298.0,2117.0
2032,WI,2032-01-01,2084362190.4,65498.0,586.0
2032,WV,2032-01-01,1982699347.2,24230.0,153.0
2032,WY,2032-01-01,89847679.2,97813.0,93.0
2033,AK,2033-01-01,2926963.1999999997,665384.0,64.0
2033,AL,2033-01-01,4199028708.0,52420.0,422.0
2033,AR,2033-01-01,4880396656.8,53179.0,329.0
2033,AZ,2033-01-01,69828484.8,113990.0,1183.0
2033,CA,2033-01-01,407155166.4,163695.0,15934.0
2033,CO,2033-01-01,2157461968.7999997,104094.0,2107.0
2033,CT,2033-01-01,9942523.200000001,5543.0,849.0
2033,DC,2033-01-01,42536176.8,,
2033,DE,2033-01-01,18537264.0,2489.0,191.0
2033,FL,2033-01-01,3681494040.0,65758.0,3332.0
2033,GA,2033-01-01,4974451168.8,59425.0,1886.0
2033,HI,2033-01-01,17391722.4,10932.0,364.0
2033,IA,2033-01-01,4706106897.6,56273.0,361.0
2033,ID,2033-01-01,2784788342.4,83569.0,207.0
2033,IL,2033-01-01,5469445603.2,57914.0,1242.0
2033,IN,2033-01-01,5191951449.6,36420.0,566.0
2033,KS,2033-01-01,4226178854.4,82278.0,548.0
2033,KY,2033-01-01,5158025551.2,40408.0,312.0
2033,LA,2033-01-01,2991604800.0,52378.0,262.0
2033,MA,2033-01-01,831762501.6,10554.0,2976.0
2033,MD,2033-01-01,1113080306.4,12406.0,1655.0
2033,ME,2033-01-01,1255395928.8,35380.0,478.0
2033,MI,2033-01-01,612030453.6,96714.0,1446.0
2033,MN,2033-01-01,1024776081.6,86936.0,777.0
2033,MO,2033-01-01,5108327102.4,69707.0,1210.0
2033,MS,2033-01-01,4491322288.8,48432.0,165.0
2033,MT,2033-01-01,1690298940.0,147040.0,122.0
2033,NC,2033-01-01,3056655506.4,53819.0,1531.0
2033,ND,2033-01-01,384423496.8,70698.0,94.0
2033,NE,2033-01-01,3100571772.0,77348.0,254.0
2033,NH,2033-01-01,17351944.8,9351.0,252.0
2033,NJ,2033-01-01,290620838.4,8723.0,1263.0
2033,NM,2033-01-01,179073009.6,121590.0,291.0
2033,NV,2033-01-01,355930812.0,110572.0,571.0
2033,NY,2033-01-01,3989754998.4,54555.0,3901.0
2033,OH,2033-01-01,5123456229.6,44825.0,1575.0
2033,OK,2033-01-01,1899230928.0,69899.0,349.0
2033,OR,2033-01-01,2647421755.2,98379.0,1203.0
2033,PA,2033-01-01,3949344780.0,46054.0,1684.0
2033,RI,2033-01-01,308066712.0,1545.0,316.0
2033,SC,2033-01-01,688746355.2,32020.0,546.0
2033,SD,2033-01-01,745510756.8,77116.0,92.0
2033,TN,2033-01-01,4824124238.4,42144.0,901.0
2033,TX,2033-01-01,4673518740.0,268596.0,3090.0
2033,UT,2033-01-01,488659975.2,84897.0,849.0
2033,VA,2033-01-01,2547300655.2,42775.0,1506.0
2033,VT,2033-01-01,1197629498.4,9616.0,379.0
2033,WA,2033-01-01,2551610455.2,71298.0,2117.0
2033,WI,2033-01-01,2612054484.0,65498.0,586.0
2033,WV,2033-01-01,2484015979.2,24230.0,153.0
2033,WY,2033-01-01,115992295.2,97813.0,93.0
2034,AK,2034-01-01,3363993.6,665384.0,64.0
2034,AL,2034-01-01,4977931154.400001,52420.0,422.0
2034,AR,2034-01-01,5802637771.2,53179.0,329.0
2034,AZ,2034-01-01,82855262.4,113990.0,1183.0
2034,CA,2034-01-01,494859576.0,163695.0,15934.0
2034,CO,2034-01-01,2615731860.0,104094.0,2107.0
2034,CT,2034-01-01,11063961.6,5543.0,849.0
2034,DC,2034-01-01,47329600.8,,
2034,DE,2034-01-01,22843804.8,2489.0,191.0
2034,FL,2034-01-01,4393524393.6,65758.0,3332.0
2034,GA,2034-01-01,5909345529.6,59425.0,1886.0
2034,HI,2034-01-01,20391158.400000002,10932.0,364.0
2034,IA,2034-01-01,5590505460.0,56273.0,361.0
2034,ID,2034-01-01,3345089752.8,83569.0,207.0
2034,IL,2034-01-01,6527295744.0,57914.0,1242.0
2034,IN,2034-01-01,6202448870.400001,36420.0,566.0
2034,KS,2034-01-01,5037262156.8,82278.0,548.0
2034,KY,2034-01-01,6145049863.2,40408.0,312.0
2034,LA,2034-01-01,3556131516.0,52378.0,262.0
2034,MA,2034-01-01,974089101.6,10554.0,2976.0
2034,MD,2034-01-01,1333927454.4,12406.0,1655.0
2034,ME,2034-01-01,1521826975.2,35380.0,478.0
2034,MI,2034-01-01,750047568.0,96714.0,1446.0
2034,MN,2034-01-01,1275302846.4,86936.0,777.0
2034,MO,2034-01-01,6076383952.8,69707.0,1210.0
2034,MS,2034-01-01,5342369836.8,48432.0,165.0
2034,MT,2034-01-01,1977818676.0,147040.0,122.0
2034,NC,2034-01-01,3635172336.0,53819.0,1531.0
2034,ND,2034-01-01,453159912.0,70698.0,94.0
2034,NE,2034-01-01,3699230584.8,77348.0,254.0
2034,NH,2034-01-01,21711475.2,9351.0,252.0
2034,NJ,2034-01-01,345510662.4,8723.0,1263.0
2034,NM,2034-01-01,217390963.2,121590.0,291.0
2034,NV,2034-01-01,455464684.8,110572.0,571.0
2034,NY,2034-01-01,4710305445.6,54555.0,3901.0
2034,OH,2034-01-01,6114491536.8,44825.0,1575.0
2034,OK,2034-01-01,2284045046.4,69899.0,349.0
2034,OR,2034-01-01,3184623712.8,98379.0,1203.0
2034,PA,2034-01-01,4684428580.8,46054.0,1684.0
2034,RI,2034-01-01,406933744.8,1545.0,316.0
2034,SC,2034-01-01,816289089.6,32020.0,546.0
2034,SD,2034-01-01,935873580.0,77116.0,92.0
2034,TN,2034-01-01,5727508188.0,42144.0,901.0
2034,TX,2034-01-01,5536138689.6,268596.0,3090.0
2034,UT,2034-01-01,622762939.2,84897.0,849.0
2034,VA,2034-01-01,3014456510.4,42775.0,1506.0
2034,VT,2034-01-01,1450057478.4,9616.0,379.0
2034,WA,2034-01-01,3030515395.2000003,71298.0,2117.0
2034,WI,2034-01-01,3156588919.2000003,65498.0,586.0
2034,WV,2034-01-01,2949891756.0,24230.0,153.0
2034,WY,2034-01-01,141385533.6,97813.0,93.0
2035,AK,2035-01-01,3733924.8,665384.0,64.0
2035,AL,2035-01-01,5652579175.2,52420.0,422.0
2035,AR,2035-01-01,6596419056.0,53179.0,329.0
2035,AZ,2035-01-01,95969275.2,113990.0,1183.0
2035,CA,2035-01-01,559765953.6,163695.0,15934.0
2035,CO,2035-01-01,2997736192.8,104094.0,2107.0
2035,CT,2035-01-01,12016857.600000001,5543.0,849.0
2035,DC,2035-01-01,54336192.0,,
2035,DE,2035-01-01,26676228.0,2489.0,191.0
2035,FL,2035-01-01,4989134692.8,65758.0,3332.0
2035,GA,2035-01-01,6677809876.8,59425.0,1886.0
2035,HI,2035-01-01,22585648.8,10932.0,364.0
2035,IA,2035-01-01,6335560144.8,56273.0,361.0
2035,ID,2035-01-01,3831187682.4,83569.0,207.0
2035,IL,2035-01-01,7354010109.6,57914.0,1242.0
2035,IN,2035-01-01,7033772637.6,36420.0,566.0
2035,KS,2035-01-01,5712642652.8,82278.0,548.0
2035,KY,2035-01-01,6946349520.0,40408.0,312.0
2035,LA,2035-01-01,4068473210.4,52378.0,262.0
2035,MA,2035-01-01,1080973598.4,10554.0,2976.0
2035,MD,2035-01-01,1548112876.8000002,12406.0,1655.0
2035,ME,2035-01-01,1744258003.2,35380.0,478.0
2035,MI,2035-01-01,840442624.8,96714.0,1446.0
2035,MN,2035-01-01,1502032312.8,86936.0,777.0
2035,MO,2035-01-01,6883646798.400001,69707.0,1210.0
2035,MS,2035-01-01,6069142135.2,48432.0,165.0
2035,MT,2035-01-01,2254285209.6,147040.0,122.0
2035,NC,2035-01-01,4146052459.2000003,53819.0,1531.0
2035,ND,2035-01-01,496308084.0,70698.0,94.0
2035,NE,2035-01-01,4221332102.4,77348.0,254.0
2035,NH,2035-01-01,25805330.400000002,9351.0,252.0
2035,NJ,2035-01-01,372648220.8,8723.0,1263.0
2035,NM,2035-01-01,255700584.0,121590.0,291.0
2035,NV,2035-01-01,524342380.8,110572.0,571.0
2035,NY,2035-01-01,5337325420.8,54555.0,3901.0
2035,OH,2035-01-01,6888478382.400001,44825.0,1575.0
2035,OK,2035-01-01,2632568764.8,69899.0,349.0
2035,OR,2035-01-01,3630157704.0,98379.0,1203.0
2035,PA,2035-01-01,5271479196.0,46054.0,1684.0
2035,RI,2035-01-01,495972940.8,1545.0,316.0
2035,SC,2035-01-01,893564292.0,32020.0,546.0
2035,SD,2035-01-01,1079564652.0,77116.0,92.0
2035,TN,2035-01-01,6494155718.400001,42144.0,901.0
2035,TX,2035-01-01,6280184275.2,268596.0,3090.0
2035,UT,2035-01-01,723905812.8,84897.0,849.0
2035,VA,2035-01-01,3451205299.2000003,42775.0,1506.0
2035,VT,2035-01-01,1662295735.2,9616.0,379.0
2035,WA,2035-01-01,3430774305.6,71298.0,2117.0
2035,WI,2035-01-01,3607359592.8,65498.0,586.0
2035,WV,2035-01-01,3301429195.2000003,24230.0,153.0
2035,WY,2035-01-01,165242325.6,97813.0,93.0
